anon_id,programme_school_name,gender
Se87def70,School of Mathematics,F
S5ea3980b,School of Mathematics,M
Sb500d14e,School of Mathematics,M
S0271b26e,School of Informatics,M
S033e3432,School of Divinity,F
Sfc56779e,School of Physics and Astronomy,M
S04c58f8b,School of Informatics,M
Sb967ae28,School of Physics and Astronomy,M
S4c5272f5,School of Informatics,F
S2a948025,Business School,M
S17244c7d,School of Physics and Astronomy,M
Sad86e5cd,School of Informatics,M
S5d4cee00,School of Mathematics,F
S7f4c2b7e,School of Informatics,M
Sdd0cb126,School of Mathematics,M
S0044911a,Business School,F
Sf8019800,School of Economics,F
Sa7b8ddc8,School of Economics,F
S4cadbe27,School of Social and Political Science,M
Sbab9057e,School of Informatics,M
S5963156e,School of Mathematics,M
S4a4fce67,Deanery of Biomedical Sciences,F
S36afdf5b,School of Mathematics,F
S561e3733,School of Mathematics,F
S21210c86,School of Economics,F
S6782a85f,"School of Literatures, Languages and Cultures",M
S914895b5,School of Mathematics,M
S7675714d,"School of Philosophy, Psychology and Language Sciences",F
S58e9661c,School of Geosciences,M
S1ff3d361,"School of Philosophy, Psychology and Language Sciences",F
S84fa8f00,School of Informatics,M
S8fdc0e90,School of Mathematics,F
S8960f171,School of Mathematics,F
S9d61a0d7,School of Economics,F
S2a1bc077,School of Social and Political Science,F
S52eab25b,School of Informatics,M
S13eecf88,"School of Philosophy, Psychology and Language Sciences",F
Sd16220d2,School of Informatics,F
Sa21c7942,School of Economics,F
Sd3e7d8c9,School of Physics and Astronomy,F
S785b736f,School of Informatics,M
S867d5a10,School of Informatics,F
Saec4253d,School of Mathematics,M
Sda7fead2,School of Economics,F
Sd0ebe785,School of Informatics,M
S5ce9999e,School of Informatics,M
Sbf9b0f34,School of Informatics,F
Sc460e586,School of Mathematics,M
S88214c01,School of Informatics,M
Sd35db6dd,School of Informatics,M
S41948575,School of Mathematics,F
S39d94b3e,School of Informatics,M
S68875a65,School of Mathematics,M
S51ecd7a0,School of Biological Sciences,F
S0591cb7c,School of Mathematics,M
S538aae08,School of Informatics,M
S4df770ca,School of Informatics,M
S315d4a69,School of Informatics,M
Sa588e9c5,School of Physics and Astronomy,F
S08482efa,School of Mathematics,M
S380b4ec5,School of Informatics,F
S321fd463,School of Physics and Astronomy,M
Sa787dc98,School of Informatics,M
Sb2ebde7d,School of Informatics,F
Sc85f59d1,School of Economics,M
S845ef4df,School of Mathematics,M
S0ad204fe,School of Informatics,M
Sa5bf2a91,Business School,F
S300b0c40,School of Chemistry,M
Sc46cd8fa,School of Informatics,M
S1a64d524,School of Informatics,M
S412e5ed9,School of Informatics,M
S8b9191d0,"School of Philosophy, Psychology and Language Sciences",M
Sf95632a6,School of Informatics,F
S3872996f,School of Informatics,F
Se33a8f74,School of Informatics,F
S4e8c4842,School of Economics,F
S1598a75c,School of Engineering,F
S192ed7d0,School of Economics,M
S78334df6,School of Economics,M
S2f51411c,School of Informatics,M
S1c247969,School of Mathematics,M
Sc3fd9b93,School of Physics and Astronomy,M
S1c13517f,School of Informatics,M
S259298c0,"School of Philosophy, Psychology and Language Sciences",M
S076854de,School of Social and Political Science,F
S95296c79,School of Mathematics,M
Sfe608332,School of Informatics,F
Sc2a37c43,Business School,F
S71143f09,School of Biological Sciences,F
S435da3ba,"School of Philosophy, Psychology and Language Sciences",F
S92d5f303,School of Informatics,M
S7a684a9c,School of Economics,F
S121da72a,School of Biological Sciences,F
Se1ff94c7,School of Informatics,M
S933837b1,School of Informatics,F
S0d31749c,School of Mathematics,M
S2a0f4371,School of Informatics,M
Sa5c7a86f,School of Mathematics,M
S11a13226,School of Mathematics,M
S3915021b,School of Mathematics,M
S45e15c5b,School of Informatics,M
S0f16252b,School of Economics,M
Seda113d9,"School of Literatures, Languages and Cultures",F
S36f71009,School of Informatics,M
Sd1949012,School of Mathematics,F
S5f251292,School of Informatics,M
Sc12c51bf,School of Mathematics,F
S4e7a4d3a,School of Mathematics,M
S14e15c42,School of Mathematics,F
S28543dd9,School of Physics and Astronomy,F
S790a2c82,School of Mathematics,M
S113fb01c,School of Mathematics,F
Scfe93b71,School of Mathematics,M
Sdef615f1,School of Mathematics,F
Sa75c45bf,"School of Philosophy, Psychology and Language Sciences",F
Sdb769d4c,School of Informatics,M
Sad3edf10,School of Physics and Astronomy,M
S37ce7d1e,School of Informatics,M
Se1e1f4ad,School of Informatics,M
Sd84aea10,School of Mathematics,F
S1789154a,School of Mathematics,M
S8c54e08e,School of Economics,M
S865e6fe3,School of Informatics,F
S0fe05991,School of Informatics,F
Sd4b65a41,School of Mathematics,F
Sc5a974c1,School of Economics,F
S364b472c,School of Informatics,M
Sb917011e,School of Informatics,M
S517e6485,"School of Philosophy, Psychology and Language Sciences",F
S805eb286,School of Engineering,F
S5b8209b1,"School of Philosophy, Psychology and Language Sciences",F
S72dbfd3e,School of Mathematics,M
S4e6e9ca5,School of Informatics,M
S1221125f,School of Informatics,F
Sd8b6b9bc,School of Informatics,F
Sb0c90ebd,School of Economics,F
Sd96d0c2f,School of Economics,F
S6b0bd5e0,School of Economics,M
Sa1826bc8,"School of Philosophy, Psychology and Language Sciences",M
Se42bc96c,School of Informatics,F
S5bf47c19,School of Mathematics,M
Sa2088fe5,School of Mathematics,F
Sa8020088,School of Informatics,M
S39bd6fe3,Business School,F
Sd19e21e7,School of Mathematics,F
Sca157791,School of Mathematics,F
Se721cf11,School of Informatics,M
S1b098a04,School of Engineering,M
S0583efa8,School of Informatics,F
Sc5149191,School of Informatics,F
S5b5da394,School of Economics,M
S3922c14f,School of Informatics,M
Sa243fd4d,School of Informatics,F
S1e349248,School of Informatics,M
Sdea9b6c6,School of Informatics,M
S8523ae43,School of Economics,F
S8b8ea4ee,School of Mathematics,M
S81842b83,"School of Philosophy, Psychology and Language Sciences",M
S1a5384f0,School of Informatics,M
Sf0ff1df9,School of Mathematics,M
S3fa84f8f,School of Informatics,M
S861fd91f,School of Mathematics,M
S835fc2da,School of Physics and Astronomy,F
Sf0579b43,School of Economics,M
Sbf0254d3,School of Informatics,M
Sd27d893f,Edinburgh College of Art,F
Sbf14a847,School of Mathematics,M
Sa195ce6b,School of Physics and Astronomy,M
Sa15f07a4,School of Informatics,M
S24dd12ff,School of Mathematics,F
S17fc617f,School of Economics,M
S18b6f5d7,School of Physics and Astronomy,M
Sbabc4410,School of Physics and Astronomy,M
Sccd63811,School of Informatics,M
Sba7cd768,School of Informatics,M
Sc3566576,School of Physics and Astronomy,M
Sabbd7f5b,School of Mathematics,M
Sd97adc2d,School of Mathematics,M
S13b3132d,School of Mathematics,M
S659344b3,School of Mathematics,F
S6756b821,School of Physics and Astronomy,M
Sdbff5197,School of Informatics,M
Sd47f0cf0,School of Economics,M
Sb9947c30,School of Informatics,M
S62429db0,School of Informatics,M
S453cdb75,School of Informatics,M
S8a6b8903,Edinburgh College of Art,F
S2db58e2d,School of Informatics,M
S4a1400a8,School of Informatics,M
S0f55559e,School of Informatics,M
Se236005f,School of Mathematics,F
Sed3ce5df,School of Informatics,M
S0001d4fd,School of Economics,F
Sb3a2d8cb,School of Informatics,M
S68eaced0,School of Mathematics,M
S7cb5fb95,School of Economics,F
Sde09d923,School of Informatics,M
Scf1cad14,"School of Philosophy, Psychology and Language Sciences",M
S669942ce,School of Informatics,M
Sf2daffa6,School of Physics and Astronomy,F
S72cc2d3c,School of Biological Sciences,M
S9b6ac7e9,School of Informatics,M
Sa89532da,School of Mathematics,M
S36a05a61,School of Informatics,M
S2d2b0c17,School of Informatics,F
S27bf74e1,School of Informatics,M
S45008542,School of Informatics,F
S0a4b5f19,School of Informatics,M
Sb9a82207,School of Informatics,M
S7cf5ff1c,School of Economics,F
S9a31902a,School of Informatics,F
S903b1f47,School of Economics,M
S7543e57d,School of Informatics,M
See54d976,School of Informatics,F
S4ce8fbc0,School of Economics,F
S862134c0,School of Informatics,M
Sc6be8da8,School of Economics,M
S836b75b2,School of Informatics,M
S09e38569,School of Informatics,M
Saea375dc,School of Physics and Astronomy,F
S0c1f576a,School of Informatics,M
S8903b5aa,School of Economics,M
S8943c482,School of Mathematics,M
S49401797,School of Mathematics,M
S434a98fa,"School of Philosophy, Psychology and Language Sciences",M
S9d02e40c,School of Economics,F
Sc3889664,School of Informatics,M
Se5513f8c,School of Informatics,M
S8af5e07b,School of Physics and Astronomy,F
S00e3e73b,School of Informatics,F
Se2c07ce5,"School of Philosophy, Psychology and Language Sciences",F
S764352f5,School of Mathematics,F
Se8fc82a9,School of Economics,M
Se76890b2,School of Informatics,M
S2d21bde2,School of Mathematics,F
Sb6b663b9,School of Economics,M
Se1c0202f,School of Physics and Astronomy,M
S6e029186,School of Informatics,M
S4c369631,School of Informatics,M
S0cbd6025,School of Informatics,F
S7f9d5d56,School of Mathematics,M
S7f6bbf0f,School of Informatics,M
Sfae9aa54,School of Economics,F
S83836962,School of Informatics,F
S24a1d6a2,School of Informatics,M
Sa1bd3462,School of Mathematics,M
S9d0855f9,School of Informatics,M
Sebb6f5fc,"School of Philosophy, Psychology and Language Sciences",M
S1854c611,School of Informatics,M
Sf0a35411,School of Mathematics,F
Saea9c429,School of Mathematics,M
Sc642de04,School of Physics and Astronomy,M
Saba9aec4,School of Informatics,M
Sba625c40,School of Informatics,M
S4db34741,School of Economics,F
S56acbc1b,School of Mathematics,F
Se0db06c4,School of Economics,M
S9325bd04,School of Mathematics,F
S3f42e0b7,"School of Philosophy, Psychology and Language Sciences",F
Scc563103,School of Economics,F
Sd21d9ee0,School of Informatics,M
S1d0abdbe,School of Informatics,M
S2f58fd17,School of Mathematics,M
Sde7568df,School of Economics,M
S54231eb7,School of Physics and Astronomy,M
S8f3f36f8,School of Informatics,F
S11e2a9d1,School of Informatics,M
S0f4af220,School of Economics,F
Se7bd6020,School of Informatics,M
Scf89b24d,School of Informatics,F
S79f45225,School of Physics and Astronomy,M
S51c08048,School of Economics,M
S80f41937,School of Economics,M
S693a9381,School of Economics,F
Sb08b529e,School of Mathematics,F
Se1d543c5,School of Physics and Astronomy,F
Sbacbf66c,School of Informatics,F
S1d7de480,School of Mathematics,M
Sbfc1c636,School of Informatics,M
S308395cf,School of Informatics,M
S08d100bc,School of Physics and Astronomy,M
S463325bd,School of Informatics,M
Sb5d11650,School of Informatics,M
S12734bc0,School of Informatics,F
Sf5ce4d68,Business School,F
S8630f6a8,School of Informatics,M
S2b30a2ef,School of Informatics,M
S7e49d424,Moray House School of Education and Sport,M
S6fc25788,School of Informatics,M
Safdf9156,School of Informatics,M
S3c53e0f6,School of Informatics,F
S5e72e6ce,School of Mathematics,F
Sc0ef08cf,School of Economics,F
Sb633e7bf,School of Informatics,M
S1fe23631,School of Informatics,M
S3802876f,School of Informatics,M
Sd1ae370d,Business School,F
S624710a4,School of Informatics,M
Sc53bcb87,School of Physics and Astronomy,M
Sdaffefa3,School of Physics and Astronomy,M
S522c1471,School of Mathematics,F
Se1d17ca4,School of Informatics,F
Sff1a3117,School of Economics,F
S9893db78,School of Economics,F
S039af2b8,School of Economics,F
Scccda0ce,School of Economics,M
S46455015,School of Informatics,F
S30b1db8f,School of Informatics,F
S47bcdbdb,School of Informatics,M
Sfb15326d,School of Informatics,F
Saa4b2336,School of Informatics,M
S3442601b,School of Physics and Astronomy,M
Se040e2a8,School of Biological Sciences,M
S8ff07223,School of Economics,F
S1b276267,School of Mathematics,F
Sb391cfbc,School of Economics,F
Sde7abf7c,School of Economics,F
Sedc53b67,School of Economics,F
S8f923d56,School of Informatics,M
S22ae4287,Business School,F
Sb085dc0a,School of Economics,M
S9d6fe239,School of Informatics,M
S57ac778e,School of Informatics,F
Se16d5e20,Business School,F
S5d501aba,School of Informatics,M
S61af50be,School of Informatics,F
Se42d45e5,School of Informatics,M
S8dff477e,School of Informatics,M
S0d7d4d69,School of Informatics,M
S1cf6cec5,School of Informatics,M
Sf9c41f60,School of Informatics,M
S1e7919c8,School of Economics,F
S0032b62b,Business School,F
S4b361e22,School of Mathematics,M
S01e3590f,School of Informatics,M
S6c0829cf,School of Informatics,M
S7883c08e,School of Mathematics,F
Se68a83a3,School of Economics,F
Sed26bad4,School of Physics and Astronomy,F
Sf3edf767,School of Informatics,M
Sf6dbecab,School of Informatics,F
Sf3d1dcf1,School of Informatics,F
Sa29b82d6,School of Informatics,M
S77e069fb,School of Mathematics,M
S2cb4f7cd,School of Informatics,M
S7ab18772,School of Informatics,M
S57853ff2,School of Economics,F
Sf5391d44,School of Informatics,F
S35f0079e,Edinburgh College of Art,F
S6124c4cf,School of Economics,M
S6bc6bc30,Moray House School of Education and Sport,M
S3a98ad6b,School of Economics,M
Sb1294506,School of Mathematics,M
S89334802,School of Informatics,M
S12cc839b,School of Physics and Astronomy,M
S7fb35e77,School of Mathematics,F
Sebeef6d4,School of Mathematics,M
S052f23d2,"School of Philosophy, Psychology and Language Sciences",F
S1b8c7ba3,School of Economics,F
S544d191f,School of Economics,F
Sdec5e9c4,School of Informatics,M
S9ecefd80,School of Informatics,M
S76396f80,School of Mathematics,F
Sbc640dac,School of Economics,F
Sf21c95f6,School of Informatics,M
S50e0c668,School of Informatics,M
Se643a0b3,School of Economics,F
S5aea4905,School of Informatics,M
Sf999e4fd,"School of Philosophy, Psychology and Language Sciences",F
S11e4ce1a,School of Informatics,F
S2d51af81,School of Economics,M
S225b4a01,School of Informatics,M
S9b26155e,School of Mathematics,F
Se24cd668,School of Informatics,M
Sfff1c718,School of Mathematics,F
S18d2362b,School of Informatics,F
Sb157d9f1,School of Mathematics,F
Scda387b1,School of Mathematics,F
Sbb1d27b4,School of Mathematics,M
S4a2e4cf5,School of Economics,F
Se8d21f6b,School of Mathematics,M
Se286f4e5,"School of Philosophy, Psychology and Language Sciences",F
S5bf1f10d,School of Economics,F
Sca6ca03b,Business School,F
S1e464662,School of Economics,M
S6db8fda2,School of Physics and Astronomy,F
Se7707c51,School of Informatics,M
S5e879be9,School of Informatics,F
S45069728,School of Economics,M
S38cbd1de,School of Economics,M
S4c242065,School of Informatics,M
S2edba0ee,"School of Philosophy, Psychology and Language Sciences",F
S49a4a8d8,School of Economics,M
Sc62c32ee,School of Mathematics,M
S8c916001,School of Geosciences,M
S5753cefd,School of Informatics,M
S3ab8be3d,School of Mathematics,F
S3e551062,School of Physics and Astronomy,M
Saa56dc22,School of Informatics,F
S8c79e232,School of Mathematics,F
S183a5f5a,School of Informatics,M
S3510f211,"School of Literatures, Languages and Cultures",M
S526ffa27,School of Informatics,M
S3f848ae7,School of Informatics,M
S438636fe,School of Informatics,M
Sbafa2752,School of Mathematics,M
S52d96956,School of Physics and Astronomy,M
Se47a0f8d,School of Mathematics,F
Sc6daa516,School of Informatics,F
Sf3715856,School of Informatics,M
Se383b264,School of Informatics,F
S01aa730d,School of Physics and Astronomy,M
S5b8c8725,School of Mathematics,M
Sed6f90d6,School of Mathematics,F
S458759ee,School of Informatics,F
Se819fa32,School of Mathematics,M
S6d9bef69,School of Mathematics,M
Sf992799e,"School of Philosophy, Psychology and Language Sciences",M
S5e641a5a,School of Informatics,M
S67db4b9b,School of Informatics,M
S3cdbebf9,School of Informatics,M
Sd12c1314,Business School,M
S1471ce0f,School of Informatics,M
S2472df18,School of Mathematics,M
Sba25f8d6,School of Physics and Astronomy,F
Sc691d7be,School of Economics,M
S172ff626,Business School,M
Sbf13e31a,School of Mathematics,M
S48ed8956,School of Informatics,F
S8846dcf9,School of Mathematics,F
Sd9c64b11,School of Informatics,M
Saf66fedf,School of Economics,M
S535af4b6,School of Informatics,M
S374db588,School of Mathematics,F
S324ddf65,School of Economics,M
S0ea6da1d,School of Mathematics,M
S95aff3dd,School of Informatics,M
S6c073e75,School of Informatics,M
S01ec4eb5,School of Informatics,M
S106d97ae,School of Mathematics,F
Sf8f2106c,School of Informatics,M
Sc1471b1a,School of Mathematics,F
Sced953b6,School of Informatics,M
S5a84fb15,School of Informatics,M
S4a36600f,School of Informatics,M
S1e286a91,School of Mathematics,M
Sa34e0c69,School of Informatics,M
Sd03a0f4e,School of Informatics,M
Sb7f9cebe,"School of Philosophy, Psychology and Language Sciences",M
S6cfbf33a,School of Mathematics,F
S4e91906e,School of Informatics,M
S6f0d4da9,School of Economics,M
S9c59ed35,School of Informatics,M
S934d1d7e,School of Economics,F
S420f8408,School of Informatics,M
Sa56c0413,School of Physics and Astronomy,M
S71b00013,School of Mathematics,M
Sd2ebbca0,School of Mathematics,M
S7d9236f1,School of Informatics,M
S63597b42,School of Informatics,M
S90bb48af,School of Mathematics,M
S298666d8,School of Mathematics,F
Sb8e78f00,Business School,F
S9f474f76,School of Mathematics,M
Sf2b22a7d,Business School,F
Sb2f315a6,School of Informatics,M
S1a9b3ece,School of Informatics,M
S0e847aa3,School of Mathematics,M
Sf9c1cc8e,"School of Philosophy, Psychology and Language Sciences",F
S3b934e25,School of Informatics,F
S48b929e1,School of Mathematics,M
S07665e96,Edinburgh College of Art,M
Sf4846d7b,School of Mathematics,F
Sc8534395,School of Mathematics,M
Se027e0d0,School of Mathematics,M
Sb179f18b,School of Physics and Astronomy,F
Se5b32711,School of Informatics,M
Sc7d94445,School of Informatics,F
S64c289de,School of Informatics,M
S02e6a38a,School of Mathematics,F
Saf1a4f23,School of Mathematics,F
S99a5a1d5,Business School,M
S4779700f,School of Mathematics,M
S7e921f9a,School of Mathematics,F
Saa043005,School of Mathematics,M
S71d2d185,School of Mathematics,M
Sa0f85d31,School of Physics and Astronomy,M
Sa604d3f8,School of Informatics,M
S0b902a93,School of Informatics,M
S72fae9a5,School of Informatics,M
S150f5974,School of Physics and Astronomy,M
Se240b5ee,School of Physics and Astronomy,M
Se332dff0,School of Informatics,M
Sb8b29dc2,Business School,M
S232f192e,School of Economics,M
Sa96d203a,School of Informatics,M
Se66cd1fe,School of Economics,M
S6c46fd28,"School of Philosophy, Psychology and Language Sciences",F
S7d59d3a8,Business School,F
S8588779e,School of Mathematics,F
S4f9f3e2d,School of Informatics,F
S287ec180,School of Economics,F
Sef3866ba,School of Mathematics,M
S31eeedd7,School of Informatics,M
Scd703bb3,School of Mathematics,F
S87e50db6,School of Informatics,M
S2a53ca80,School of Economics,M
S4dbadc72,"School of Philosophy, Psychology and Language Sciences",F
S47ae46d4,School of Mathematics,F
S3ec485e2,School of Informatics,F
Sd3ad8a94,School of Mathematics,M
Saf19a5fc,Business School,F
Sefcc370b,School of Informatics,M
Sf1fbc256,School of Mathematics,F
S190c5056,School of Mathematics,F
S9d37bfeb,School of Informatics,M
S5d6a081d,School of Informatics,M
Sbad70eb5,School of Mathematics,F
Sb21227fd,School of Economics,F
S0ec794f5,School of Informatics,M
S0e07078d,School of Physics and Astronomy,M
S4e463856,School of Informatics,F
S5fcdbbfa,School of Informatics,M
S4b062393,Edinburgh College of Art,M
Sf8a52fa5,School of Informatics,M
Sb3090116,School of Mathematics,F
Sc5637d17,School of Informatics,M
S10a42a5d,School of Informatics,M
S9fb247f0,School of Informatics,M
S2c4f2f25,School of Informatics,F
Sfda530e9,School of Mathematics,F
S0b0718c1,School of Informatics,M
Sa6b1dff7,School of Mathematics,M
S8f22e2b7,School of Physics and Astronomy,M
S1e613532,Business School,F
S605097e0,School of Informatics,F
Se5a482b2,School of Informatics,F
S3becfe44,School of Informatics,M
S2ff3ba29,School of Mathematics,F
S2039ccd1,School of Informatics,M
S74f940fc,School of Mathematics,F
Sae884e51,School of Mathematics,F
S3d5ab050,School of Informatics,M
Scb261ecb,School of Mathematics,F
S37cec8a6,"School of Philosophy, Psychology and Language Sciences",M
S556f2cce,School of Mathematics,M
Sdf274f6d,School of Informatics,F
S3df236ea,School of Physics and Astronomy,M
S2ced186a,School of Informatics,M
S78f312f4,School of Engineering,M
S8b0f34d2,School of Mathematics,M
S8a362c64,School of Informatics,F
S56fbdd28,School of Mathematics,M
S566f7004,School of Physics and Astronomy,M
Sd3f92a23,School of Economics,M
Sfe7b01d2,School of Mathematics,F
S7bf91489,School of Informatics,F
S60f2a0af,School of Physics and Astronomy,F
Sc2da2f35,School of Mathematics,M
S57aad05c,School of Economics,M
Sc337eb87,School of Mathematics,M
S98230499,"School of Philosophy, Psychology and Language Sciences",M
Sebddbf59,School of Informatics,M
Se1d73034,School of Informatics,F
Sf407fb17,School of Mathematics,F
S5913e02c,School of Informatics,M
S8d1b3828,School of Economics,M
S65b2cecb,School of Mathematics,F
S0213404e,School of Informatics,M
S8133bf3f,School of Economics,M
S5f53a723,School of Economics,M
Sb989ddde,School of Informatics,F
S4a6bee33,School of Informatics,M
Se84361a9,School of Mathematics,M
S8b0442f3,School of Mathematics,F
S8ecee1d1,School of Mathematics,F
S2c72c367,School of Informatics,M
S265a7257,"School of Philosophy, Psychology and Language Sciences",M
S9aed8e2a,School of Informatics,M
S2a9412a5,School of Informatics,M
Sf4c27b98,School of Mathematics,F
Sa59c6ac3,School of Mathematics,F
S163f66f5,School of Mathematics,F
S2580e2ee,School of Mathematics,M
Sd3d4289f,School of Informatics,M
S07082c9f,School of Informatics,M
S991520ce,School of Mathematics,F
S12eee33c,School of Informatics,F
S8e622dab,School of Economics,F
S77a8af76,School of Mathematics,F
Sacc2f291,School of Mathematics,M
S1aff63d1,School of Informatics,M
S32d5a477,School of Economics,F
S3d69d286,Business School,F
Sfd346570,"School of Philosophy, Psychology and Language Sciences",M
S77226230,School of Physics and Astronomy,M
S621a2b20,School of Physics and Astronomy,M
S91f818cd,School of Economics,F
Sa0883af3,School of Economics,M
Sd8f9df2e,School of Informatics,M
S9a4b8604,School of Informatics,M
S019673c0,School of Informatics,M
S44d726f6,School of Mathematics,F
Se858f976,School of Mathematics,M
Sd3766a71,School of Informatics,M
Sc2236f6e,School of Mathematics,M
S9ccb5273,School of Economics,F
S53c264e6,School of Biological Sciences,M
Sbba15bca,School of Informatics,M
S5c7e67b6,School of Informatics,M
S2522d5a1,School of Informatics,M
S20e22c34,School of Informatics,M
S2b0f3d5c,School of Mathematics,M
Se943aa3c,School of Informatics,F
S5f3410e3,School of Informatics,F
Sf76a4aaa,School of Mathematics,F
S7d3c3cc2,School of Informatics,M
Sdade107a,School of Biological Sciences,F
S6dd0c33b,School of Informatics,M
Sdf4b8e8c,School of Informatics,F
S63bc03d9,School of Economics,F
Sd53701e8,School of Informatics,F
Sceb60d29,School of Mathematics,M
S8ee37d8e,School of Economics,F
Scee2337d,School of Informatics,M
S380a30ca,School of Mathematics,F
Sb3f1f338,School of Informatics,M
S34689c42,School of Physics and Astronomy,M
Sc840d957,School of Informatics,M
S1c742ac5,School of Economics,M
S7b95d568,School of Informatics,F
S53a10705,School of Physics and Astronomy,M
S6a8afbe8,Business School,F
Sf483b8c5,School of Informatics,M
S70a642b3,School of Informatics,F
S64b906de,"School of Philosophy, Psychology and Language Sciences",F
Sfab045f3,School of Mathematics,F
S8cd06345,School of Informatics,F
S21b822c0,School of Informatics,F
S75e65976,School of Informatics,M
S562966e7,School of Informatics,M
Sfe374d86,"School of Philosophy, Psychology and Language Sciences",F
Sbb7618b0,School of Informatics,M
Se028dc31,School of Informatics,F
Saf292df5,School of Mathematics,M
Sfb2932a0,School of Economics,M
Sbb287c53,School of Informatics,M
Se57c8888,School of Informatics,M
Sc2dc48fe,School of Informatics,M
S9c88bc25,"School of Philosophy, Psychology and Language Sciences",F
S09b268d3,School of Economics,F
S15222e69,School of Informatics,M
S7d57c3df,School of Informatics,F
Se32880fb,Business School,M
S4e548e02,School of Informatics,M
Sda839e46,School of Informatics,M
Se80502eb,School of Informatics,M
Sbc5b795d,School of Informatics,M
S790cfef1,School of Informatics,F
Sdaebfe25,School of Informatics,F
Sd089648a,School of Informatics,M
S69b44afd,School of Economics,M
S8d3f61be,School of Informatics,M
Sd36b9565,School of Informatics,M
S1c7cb63b,School of Chemistry,M
S47deca54,School of Informatics,M
Sea287c4a,School of Economics,F
Sbbb6fe69,School of Informatics,M
S021f7d32,School of Informatics,M
S96c237c1,School of Mathematics,M
S897013ec,School of Physics and Astronomy,M
S3a4de841,School of Mathematics,M
S03266584,School of Economics,M
Sf2237fe4,School of Informatics,F
Scb967492,School of Informatics,M
S15de0864,School of Economics,M
Sc1c29f1c,School of Geosciences,M
Sa0c1fbb3,School of Mathematics,F
S599fd442,School of Mathematics,F
Sfe7df8fa,School of Informatics,M
S3e603e24,School of Informatics,M
S5df8c2fa,School of Mathematics,F
Sd6c9bd66,School of Informatics,M
S3ebecd36,School of Informatics,M
Seb5bd180,School of Economics,F
Sd56b3da1,School of Economics,F
S6982a53f,School of Mathematics,F
S4b3c1a6f,School of Informatics,M
S2c2b079b,"School of Philosophy, Psychology and Language Sciences",F
S6320ace8,School of Economics,F
S4b949cd5,School of Informatics,F
S84c3cea3,School of Informatics,M
S558157d5,School of Informatics,M
S51f854a6,School of Economics,M
S4b9f9f55,School of Physics and Astronomy,F
Sdf34d5af,School of Economics,M
S23dc03c2,"School of Philosophy, Psychology and Language Sciences",F
S269c1807,School of Informatics,M
Sbe37b100,School of Informatics,M
S7bfec137,School of Mathematics,F
Scd976e23,School of Informatics,M
S48637b71,"School of History, Classics and Archaeology",F
Saade1734,School of Geosciences,F
S13e33943,School of Economics,M
S0b722452,School of Informatics,M
S78062775,School of Chemistry,F
Sac9008ea,School of Physics and Astronomy,F
S6331b8c5,School of Social and Political Science,F
S2c3a13b6,School of Informatics,M
S37d39456,School of Economics,M
Sad5f6ce6,School of Economics,M
S9365afd1,School of Mathematics,F
S208dd14f,"School of Philosophy, Psychology and Language Sciences",M
Sb2cce9e8,School of Economics,M
Sf5565587,School of Mathematics,M
Scb44f25a,School of Mathematics,F
Sb683ee1b,School of Mathematics,F
Sbcd7eed7,School of Mathematics,M
S1a980254,"School of Philosophy, Psychology and Language Sciences",M
Sbc43365a,School of Mathematics,F
S4286eb37,School of Mathematics,M
S2f47829f,School of Physics and Astronomy,F
Se52c9192,School of Informatics,M
S78b12359,"College of Arts, Humanities and Social Sciences",F
S68c9718c,School of Geosciences,F
S55337d09,School of Mathematics,F
Sb25aa7a5,School of Mathematics,F
S0b916b8b,School of Engineering,F
S73c22ee8,School of Economics,M
S79828a1a,School of Economics,M
S3765bcec,School of Informatics,M
Sdaf00b74,School of Informatics,M
S93db1b95,School of Engineering,F
Sf72ef78e,School of Mathematics,M
S5f4c8651,School of Mathematics,M
S11746f23,School of Mathematics,F
S364a58ce,School of Mathematics,M
Sb656d0e3,School of Informatics,M
S3d8f58ed,School of Informatics,M
S81a6530b,School of Mathematics,F
S93f30ade,School of Mathematics,F
Se5932c68,School of Mathematics,F
S2aac6bdc,School of Mathematics,M
S47878864,School of Informatics,M
S897d6f88,"School of Philosophy, Psychology and Language Sciences",M
Sa64c53a0,School of Informatics,F
S8b78eb20,School of Physics and Astronomy,F
S6c6d6b32,School of Mathematics,M
S5fd8b59e,School of Mathematics,M
S3d730b41,School of Mathematics,M
S5a92f4ec,School of Mathematics,F
Sc2a7aa70,School of Informatics,F
S88329c75,School of Informatics,M
S3ecf9e4d,School of Physics and Astronomy,F
S87266c3e,School of Informatics,F
Saa8c2325,School of Economics,M
S9c33cdd3,School of Informatics,M
S02ae23d2,"School of Philosophy, Psychology and Language Sciences",M
Se03b2b7d,School of Informatics,M
Scdc55a32,School of Informatics,M
S2e95f2c5,School of Physics and Astronomy,M
Sd96cf88f,School of Informatics,M
S533a8ee7,School of Economics,F
S31ed6a86,School of Mathematics,F
S31739d1d,School of Economics,F
S9691b1a5,School of Informatics,F
S07921708,School of Mathematics,F
S6a3916e0,School of Informatics,M
S9ff377c0,School of Economics,M
S2610df04,School of Mathematics,M
S90b9e368,School of Informatics,M
S4465e768,School of Economics,M
S669173a7,School of Informatics,M
Se9871e0a,School of Physics and Astronomy,M
S4471a814,School of Informatics,M
Sd0c4f725,School of Mathematics,F
Sbd2f87e5,School of Informatics,M
S66f96665,School of Informatics,M
Sfdfa1512,School of Economics,F
Sf2f0f092,School of Informatics,M
Sacb04b35,School of Mathematics,M
Sac3baae5,School of Economics,M
S3772f20d,School of Mathematics,M
S154caf0d,School of Mathematics,M
Sc190ab0d,School of Informatics,M
Se3c6e3cf,School of Informatics,F
Sce66f663,School of Informatics,M
S37d02e00,School of Mathematics,M
Sbcf56b41,"School of Philosophy, Psychology and Language Sciences",F
S5e9cdb00,School of Informatics,M
Sf6feaadf,School of Economics,M
Sfcf425b2,School of Informatics,M
S911f5572,School of Informatics,M
S4706ade0,School of Mathematics,M
S6f84ecfc,School of Mathematics,M
Sfffe23cf,School of Mathematics,M
S1caac1f8,School of Informatics,M
S4df4d0a3,School of Informatics,F
S319423cf,School of Mathematics,M
S5cab8f0b,School of Informatics,M
Sd6557fd9,School of Mathematics,M
S7be3b8ef,School of Informatics,M
S2f2334c2,School of Informatics,M
S4d5c5619,School of Informatics,M
Scdd47318,School of Informatics,M
Sbbfe7e31,School of Informatics,M
S60b6682a,School of Mathematics,M
Se0f484e4,School of Informatics,M
Sd34b00ff,School of Biological Sciences,M
Sbba01ad2,School of Informatics,F
S44b4289b,School of Informatics,M
S69b6e13a,School of Mathematics,F
Sf8b54797,School of Informatics,F
Se9aa6917,"School of Philosophy, Psychology and Language Sciences",F
Sb8f4784c,School of Mathematics,M
S32e27f0c,School of Physics and Astronomy,M
Secea72d2,School of Informatics,M
S6c5e09e4,School of Physics and Astronomy,F
Scb369dbb,School of Informatics,F
S630a8887,School of Informatics,M
S5fbfe91c,School of Informatics,M
Sf89d56dc,School of Biological Sciences,M
S23b70fb2,School of Mathematics,M
Sf698dacb,School of Mathematics,M
S205fa4ea,School of Mathematics,M
S715fd152,School of Informatics,F
Safff5a36,School of Informatics,M
Sd64b1fb3,School of Informatics,F
S0797715e,School of Informatics,M
S640f8d80,School of Informatics,M
S290bf8ec,School of Informatics,M
S8bb7da5a,School of Informatics,M
Sfd490b77,School of Informatics,M
S6340485a,School of Mathematics,F
S8b81ab7b,School of Physics and Astronomy,F
S01492a88,School of Informatics,M
S01dd87a4,School of Informatics,F
Scf332f34,School of Mathematics,F
S7bb71858,School of Physics and Astronomy,F
S74bdfdd8,School of Informatics,M
S2fe963ee,School of Informatics,M
S25237ffb,School of Economics,F
Sa5a1004d,School of Physics and Astronomy,M
S9227f60d,School of Mathematics,M
S98f3ffd3,School of Informatics,F
Sff8cf7e5,School of Physics and Astronomy,M
S6485de25,School of Informatics,M
Sd3e36d07,School of Informatics,M
Sea1c4dee,School of Informatics,M
Se548cc8d,School of Informatics,M
Sf1e11b91,School of Mathematics,M
S99deddb8,School of Informatics,M
Sd9552bac,School of Informatics,M
Sa03fe89a,School of Informatics,M
S20bd972c,School of Informatics,M
S1c08f6b7,"School of Philosophy, Psychology and Language Sciences",F
S21848f9a,School of Mathematics,F
S01e1d993,School of Informatics,M
S156a30d2,School of Physics and Astronomy,M
S10be863b,School of Mathematics,M
S9aa8817b,School of Physics and Astronomy,M
S90fc6af5,School of Informatics,M
S77635200,"School of Philosophy, Psychology and Language Sciences",F
Sd555c851,School of Informatics,M
Sa206ace6,School of Mathematics,M
S0afa2aa2,School of Mathematics,M
S38b726f7,School of Health in Social Science,F
Sb77fcde9,School of Informatics,M
Se3b51b73,School of Informatics,M
Sc215ed22,School of Informatics,F
S7b28c355,School of Physics and Astronomy,M
Safbeecca,School of Informatics,F
S6ae331d1,School of Mathematics,F
Saabe8627,School of Mathematics,M
S47bf9c93,School of Mathematics,M
S4db513fe,School of Informatics,M
S8d7c0924,School of Physics and Astronomy,F
S19ab1960,School of Economics,F
S48f5083b,School of Informatics,M
Sef172483,School of Mathematics,M
Sa55c9435,School of Economics,F
S6f4bdd86,School of Informatics,M
Sbb092e1d,School of Informatics,M
S2f9415c6,School of Informatics,M
See6e4d1d,School of Mathematics,M
Sa4b15087,School of Mathematics,M
S89cfc398,School of Informatics,M
S0728cca4,School of Mathematics,M
Sc8e16949,School of Informatics,F
Sdc20ab97,School of Physics and Astronomy,M
S53f65542,School of Informatics,M
S42a90aea,School of Mathematics,F
S169f649e,School of Mathematics,M
S4701e6bd,School of Informatics,M
S3fcccaa6,School of Informatics,F
S6e92dbfd,School of Informatics,M
S24991a63,School of Mathematics,F
S72827f17,School of Informatics,M
S37c32a21,School of Economics,M
S26028212,School of Informatics,M
Scbff2048,School of Informatics,M
Scb0398a6,School of Physics and Astronomy,F
Sdfd61504,School of Informatics,M
S966bf063,School of Informatics,M
Sb4a9158d,School of Informatics,M
S7bfe47fb,School of Physics and Astronomy,M
Sdc027e88,School of Economics,M
Sf13c9cbf,School of Economics,M
S9cd7ec7f,School of Economics,F
Sd8f1c51c,School of Economics,F
Sd5aa7122,School of Physics and Astronomy,M
S1569314f,School of Economics,F
Sbdd5c623,School of Mathematics,F
Sbd771a2e,Deanery of Biomedical Sciences,F
S773e377e,"School of Philosophy, Psychology and Language Sciences",M
S5a0a8ffe,School of Mathematics,M
S1a9f6c21,School of Economics,M
S11e6d065,School of Informatics,F
Sc53ad465,School of Physics and Astronomy,M
S040b1c46,School of Informatics,M
S9aeaa8f9,School of Mathematics,M
Sfa5d79a0,School of Mathematics,M
S70236b22,School of Mathematics,F
S6a11c7b2,School of Informatics,M
S651b2232,School of Informatics,F
S13e5f31f,School of Informatics,M
S56e4d701,School of Mathematics,F
S774e7be7,School of Mathematics,M
S9fb9e9e7,School of Economics,F
S63c592a6,School of Mathematics,M
Sfceba957,School of Physics and Astronomy,M
S8c233f7c,School of Economics,F
S9b62a87a,School of Informatics,M
S8a7d86fa,School of Economics,M
Sadff78d1,"School of Philosophy, Psychology and Language Sciences",F
Sb84d8926,School of Economics,M
Sd5a6f9e6,School of Mathematics,F
Se3c791a3,School of Economics,M
Sbf3e8c28,School of Chemistry,M
Sa12b4728,School of Mathematics,M
Sba880015,School of Economics,F
Sc67c5e55,School of Informatics,M
S6ecaf38e,School of Mathematics,M
Sc068270e,School of Informatics,M
Sdb41ad75,School of Informatics,M
S9a33d0af,Business School,F
Scb6dc1f4,Business School,F
Sf8d81f58,School of Informatics,F
S05967f2f,School of Mathematics,M
S7ccacd38,School of Economics,F
S1b35275e,"School of Philosophy, Psychology and Language Sciences",F
S94234af3,School of Mathematics,M
S00b42b9f,School of Informatics,F
S330baf84,School of Economics,F
Sf682ae9b,School of Mathematics,M
S543e8c2d,School of Physics and Astronomy,F
S33df7380,School of Economics,F
Sfc8821f6,School of Mathematics,F
Sbcc91e2d,School of Informatics,M
S4252a7a3,School of Economics,F
S34ec07a6,School of Mathematics,M
S0c68fd39,School of Informatics,F
S702a3008,School of Informatics,M
S521e37bf,School of Mathematics,F
S53ad97ee,School of Economics,M
S710d3d75,School of Mathematics,M
S8a207d67,School of Informatics,M
Sf64ad4bc,School of Mathematics,M
S2856961e,School of Informatics,M
S39b50070,School of Physics and Astronomy,F
S808274b0,School of Informatics,M
Sb8500393,School of Economics,M
S81ef5252,School of Economics,F
Sa78a47dd,School of Informatics,M
S223e23a7,School of Informatics,F
S9e093d8a,School of Economics,M
S39bf2f66,School of Mathematics,F
S9e172841,School of Informatics,M
Scf49391a,School of Informatics,M
Se129e304,School of Informatics,M
S929729ec,School of Informatics,M
S2e3ec05a,School of Mathematics,F
S099e002c,School of Informatics,F
S0694e5ac,School of Informatics,M
Sb1108e0a,School of Mathematics,M
S543ca126,School of Economics,F
S9e758c76,School of Mathematics,F
Sa494e59e,"School of Literatures, Languages and Cultures",F
S6e6b5bbf,School of Mathematics,M
S5dd4dfa4,School of Mathematics,M
S175ffc6a,School of Informatics,M
S0cfcbb57,School of Mathematics,F
S1777ed21,School of Informatics,F
S1d7738fb,School of Informatics,M
Sc961f534,School of Mathematics,M
S6bddd782,School of Mathematics,F
S83f4c331,School of Informatics,F
S0c7c5907,School of Mathematics,F
S03e211ab,School of Economics,F
Sa15e331d,School of Engineering,M
Sea50c1a3,School of Mathematics,M
Sbb0ed0f8,School of Informatics,F
S8d259322,School of Mathematics,M
S80d6a1a6,School of Informatics,M
S0a0b361e,School of Mathematics,M
Sc0565432,School of Mathematics,M
S5e153c80,School of Informatics,M
Sf9378340,Business School,F
S4a0a78ed,School of Informatics,F
S286b0ffd,Business School,M
S675c8f18,School of Mathematics,F
Sa6ecfc5c,School of Informatics,F
Se12824d0,School of Informatics,F
Sdd09e867,School of Informatics,F
Sf53d3a0a,School of Economics,F
Sabcb12dc,School of Mathematics,M
Sb04a1e1d,School of Economics,M
S18286fc2,School of Informatics,M
S1d28052f,School of Economics,M
Scc6a9c59,School of Informatics,M
S6ff1b392,School of Economics,F
Sbf6cd5b7,School of Informatics,M
S24a56f0f,School of Physics and Astronomy,M
S3e89d654,School of Informatics,F
S85fbbc56,School of Informatics,M
S6246bafe,School of Mathematics,M
Secc1495f,School of Informatics,M
S7d1633f6,School of Informatics,M
Sd1652139,School of Mathematics,F
Sbc10a662,School of Informatics,M
Sc0ba9cc1,School of Economics,F
S4f3206f7,School of Informatics,M
Sd4317580,School of Mathematics,M
S0fe79400,School of Mathematics,M
S28bbec98,School of Physics and Astronomy,F
S94185f99,School of Economics,F
S3012d879,School of Mathematics,M
Se4a6c9bb,School of Informatics,F
S49100e8d,School of Mathematics,F
Sa1a7eda5,School of Mathematics,F
S098fb7e5,School of Informatics,F
Seeb2531d,Business School,F
S125a8570,School of Informatics,M
S4304942b,School of Informatics,M
Se1b8b69d,School of Informatics,F
Se5c1b5ee,School of Informatics,M
S7c47a061,School of Informatics,F
S4f6c8956,School of Mathematics,F
Sa705eccd,"School of Philosophy, Psychology and Language Sciences",F
Se29065ff,School of Informatics,M
S4fb85552,School of Mathematics,M
Sfcedbb3d,School of Mathematics,F
S4a4edde6,School of Informatics,M
S3a2ecd77,School of Informatics,M
S928c2fd0,School of Informatics,M
Sccd281bc,School of Economics,M
Se041d611,School of Mathematics,F
S06e783f3,School of Mathematics,M
Sf005daf3,School of Mathematics,F
S022813f1,School of Economics,F
Sfb54025d,School of Physics and Astronomy,M
Sfc9bce95,School of Informatics,M
S7c19b123,School of Physics and Astronomy,M
S2d19c49b,School of Mathematics,F
S7947bf2d,School of Social and Political Science,F
S817eec89,School of Mathematics,F
Sa2ac2c0c,School of Economics,M
S00100eba,School of Informatics,M
S00ce8809,School of Informatics,M
Se245956d,School of Mathematics,M
S14336141,School of Informatics,M
Sbc51109e,School of Economics,F
Sb30591fd,School of Physics and Astronomy,M
S35657549,School of Mathematics,M
S5de67aa6,School of Informatics,M
S640d1533,School of Mathematics,F
S8cfa8733,School of Economics,M
Sdda49668,School of Mathematics,F
S424011f7,School of Engineering,M
S860e0358,School of Informatics,M
S0652fa5d,School of Informatics,F
S4c194aeb,School of Informatics,M
S2e6c7287,School of Mathematics,M
Saa83413e,School of Economics,M
S0a3a0c62,School of Physics and Astronomy,M
S2d0e6138,School of Informatics,M
S28eca6f0,School of Informatics,M
S5bfa9f03,Business School,F
S4aa5c0ab,School of Physics and Astronomy,M
S8590dda8,School of Mathematics,F
Sc005549a,School of Informatics,M
S4019dcb7,School of Mathematics,F
S6c0033fd,School of Mathematics,F
S8b299879,School of Mathematics,F
Sc67362b4,School of Mathematics,F
S6e0f06a0,School of Economics,F
S4c193f4a,School of Mathematics,F
S57cc0ddf,School of Economics,M
Sf07a1f33,School of Economics,M
S083f1629,School of Mathematics,M
S87297b84,School of Informatics,M
S74cb4869,School of Economics,F
S3c11d15b,School of Economics,M
S7c109fa8,School of Informatics,F
Sb6af50a1,School of Mathematics,M
Sf96468aa,School of Mathematics,F
Sdda6bb63,School of Economics,M
Sab181b66,School of Physics and Astronomy,M
Sdd0e3dd9,School of Mathematics,M
S9d1166e1,School of Mathematics,M
S5c75c9a1,School of Informatics,M
Scd361e24,School of Mathematics,M
S1da51dd7,School of Mathematics,M
S354f4909,School of Mathematics,F
S588c5d23,School of Informatics,M
S24e6f4f8,School of Mathematics,M
S8cdae1c4,School of Mathematics,M
S1cea0568,School of Mathematics,F
S563f4245,School of Informatics,F
Se7873452,School of Mathematics,F
Se2c72f97,School of Informatics,M
S7950f1cc,School of Economics,F
S14e5e5ef,School of Informatics,M
S05facb6f,School of Mathematics,F
S0f64e92e,School of Economics,M
S14a594c7,School of Mathematics,F
S6851ca87,School of Informatics,M
S40fbef71,School of Economics,M
S54124945,School of Informatics,F
Sc58542c4,School of Informatics,F
S9562a979,School of Mathematics,F
S79ed613d,School of Mathematics,F
S2df36ba3,School of Mathematics,M
Sa725ff9b,School of Mathematics,M
S801bc876,School of Informatics,M
S7cdb7af1,School of Informatics,M
S5b3bcbaf,School of Informatics,M
S0f3bd4fa,School of Mathematics,M
S94ac0aa1,School of Economics,M
Sb3d24c64,School of Physics and Astronomy,F
Sa9b4dea0,Business School,F
Sdd1b5e33,School of Mathematics,F
S30acd7f6,School of Informatics,M
S8c053e40,School of Physics and Astronomy,M
S52a5b524,School of Mathematics,M
S06bbbfba,School of Economics,M
Sa459f9ef,School of Informatics,M
Seaffe706,School of Mathematics,M
S9b2855a0,School of Informatics,M
Sb656c6bf,School of Informatics,M
S4abe10d2,School of Physics and Astronomy,F
Sa757fdf4,School of Informatics,M
S51b5a4f4,School of Informatics,F
S3c5ed434,School of Mathematics,M
S9b147e36,School of Informatics,M
S809f2840,"School of Philosophy, Psychology and Language Sciences",F
Sb6be312d,School of Mathematics,F
S4b71ea3d,School of Economics,F
S3a4aad6f,School of Informatics,F
S4c6afaf1,School of Mathematics,F
S0c5dc523,School of Mathematics,M
S9754ece3,"School of Philosophy, Psychology and Language Sciences",F
S7ae36526,School of Informatics,M
Se12adf9e,School of Mathematics,F
S585780c1,School of Physics and Astronomy,M
Sbf164b26,School of Mathematics,F
Sd8fdee3c,School of Mathematics,M
S70c1fb00,School of Mathematics,F
Sba083400,School of Physics and Astronomy,M
Sc92253c4,School of Mathematics,F
Sd215cc74,School of Mathematics,F
S181c900c,School of Informatics,M
Sc9808fc9,School of Informatics,M
S5924c649,School of Mathematics,F
S65d1d6fa,School of Mathematics,F
Sbcc2cbe8,School of Mathematics,F
Scfbc9278,School of Informatics,M
S8a696a62,School of Mathematics,M
Sedf4cf71,School of Mathematics,M
Sdb4b2187,School of Informatics,M
Sbd0d3107,School of Informatics,M
S4b31eeb4,School of Informatics,M
S09a189c3,School of Economics,F
Sd7a9841d,School of Mathematics,M
Sd8a3619d,School of Informatics,M
Sab43cf96,School of Informatics,M
S926269cc,School of Informatics,F
Seb2a94a7,School of Mathematics,M
S4c564f84,School of Economics,F
S9cb339df,School of Mathematics,F
S51bf60a0,School of Informatics,M
S1160a8e0,School of Informatics,M
S4ab4d486,School of Informatics,F
S3600fbee,School of Engineering,M
S1bc8fb80,School of Informatics,M
S5e5d72b2,School of Mathematics,M
S4f425c32,School of Informatics,M
S7663fa68,School of Physics and Astronomy,M
Sdbd53d5e,School of Informatics,F
Sf6b5bb8a,School of Informatics,F
Sbc208d8f,School of Informatics,M
S54d71f8f,School of Informatics,M
Se8fe61c8,School of Physics and Astronomy,F
S9b00da08,School of Mathematics,F
Sca5ecb53,School of Mathematics,M
S33b677d3,School of Mathematics,M
S902d5818,School of Mathematics,M
S95b3c56e,School of Informatics,M
Sd0f29058,School of Economics,F
Sd7a9f1bc,School of Mathematics,F
Sc6363d6c,School of Mathematics,M
Sfa1dab6c,School of Mathematics,M
S1d564f9d,"School of Philosophy, Psychology and Language Sciences",F
S4c085ec6,School of Physics and Astronomy,M
Seb3eae7a,School of Informatics,M
S4265c713,School of Informatics,F
S3ed1e87b,School of Geosciences,M
S996da020,School of Mathematics,F
S97152fbe,School of Physics and Astronomy,M
S3afd8c6b,School of Mathematics,F
S52823b6a,"School of Philosophy, Psychology and Language Sciences",F
Sd8e86694,School of Informatics,M
S7fcad954,School of Informatics,M
S9da933a2,School of Mathematics,M
S98e92867,School of Mathematics,F
Sdc9165e7,School of Mathematics,M
S22bc4f18,School of Informatics,M
S7314bc1a,School of Economics,F
S40ab3801,School of Mathematics,M
S9eabdc80,School of Mathematics,F
S94a153ed,School of Physics and Astronomy,F
S9435fec1,School of Mathematics,M
Se8e39edc,"School of Philosophy, Psychology and Language Sciences",F
S0f8a4470,School of Informatics,F
S9d2138ad,School of Engineering,M
S49e32966,School of Mathematics,F
Sab683402,School of Informatics,M
S9d0306f0,School of Informatics,M
S6a06c1f5,School of Informatics,M
Sf00aaeb4,School of Informatics,M
S03d4b6cf,School of Mathematics,M
Sc2fa3210,School of Economics,F
S2099d8e6,School of Mathematics,F
Sc0eb1286,School of Economics,M
Sb6b71fa6,School of Informatics,M
S45c18167,School of Mathematics,M
S39ff16e8,School of Informatics,M
S0f40f81e,"School of Philosophy, Psychology and Language Sciences",M
Sb89af75b,School of Economics,F
S6143c8c4,School of Informatics,F
S12a366cf,School of Informatics,F
S18e9988a,"School of Philosophy, Psychology and Language Sciences",F
S060ab1d3,School of Mathematics,F
S185f0bfb,School of Informatics,M
S52801661,School of Mathematics,M
S18016f18,School of Economics,F
S8902c9b5,School of Mathematics,F
S06800934,School of Informatics,M
S3a751987,School of Economics,M
Se50e2770,School of Physics and Astronomy,M
S6ac6cc6e,School of Physics and Astronomy,M
Sb30b57cf,School of Informatics,F
S399db2df,School of Geosciences,F
S79427a9f,School of Informatics,M
S2888c6e8,School of Informatics,M
S62a1392b,School of Informatics,M
S2df4f6bb,School of Informatics,M
S4426f420,School of Informatics,M
S3846074c,School of Economics,F
S220884c3,Business School,M
S73fe1322,School of Economics,M
S1fe6b29b,School of Mathematics,F
S7d0727db,School of Informatics,F
S0ce8bc8d,School of Informatics,M
Sff40a4ff,School of Mathematics,F
Sb595e3d2,School of Economics,F
Sd20846c1,School of Mathematics,M
S578a539a,School of Economics,M
S35eb248a,School of Physics and Astronomy,F
Se1a9d711,School of Mathematics,M
S8c967bd5,School of Informatics,M
Sa5d19a91,School of Mathematics,M
S3ed8b351,School of Informatics,M
S7af599b2,School of Informatics,M
S97421077,School of Informatics,M
Sae955474,School of Mathematics,F
Sccbe08fb,School of Mathematics,M
S28bf9b5f,"School of Philosophy, Psychology and Language Sciences",F
S6274c9b9,School of Informatics,M
S80756c3a,School of Mathematics,F
S3b973bf2,School of Informatics,M
S6f17c6f7,School of Economics,M
S7eb421b1,School of Mathematics,F
S87d625d6,School of Informatics,M
S0176521a,School of Mathematics,F
S816ada37,School of Economics,M
S41376dc1,School of Mathematics,F
Sd56ac562,School of Informatics,M
S446963cf,Deanery of Biomedical Sciences,F
S382baefe,School of Physics and Astronomy,M
S4ed57fd3,School of Mathematics,F
S6dcc2fae,School of Economics,F
Sc0a46e2b,School of Informatics,F
S44a3dfa1,School of Informatics,M
Sdf603fae,School of Informatics,M
S37d7dc86,School of Informatics,M
S77b4dd00,School of Informatics,M
Sf49e78c6,School of Mathematics,F
S161565a2,School of Informatics,M
S020a21cf,School of Economics,M
S9c5d0601,School of Physics and Astronomy,M
Se577b41f,School of Informatics,M
Saf3c04a9,School of Chemistry,M
S34abdaf2,School of Mathematics,M
S32dd079e,School of Economics,M
S29421e94,School of Mathematics,M
S4ec1ae4c,School of Informatics,M
S4b81b589,"School of Philosophy, Psychology and Language Sciences",M
S2334cb47,School of Economics,M
S26a00c86,School of Physics and Astronomy,M
Secbd1f82,School of Informatics,M
Se6bdca58,School of Mathematics,F
S88a0040b,School of Economics,F
S7456c7ad,School of Informatics,M
Sef29ee64,School of Mathematics,M
Sc8892e12,School of Physics and Astronomy,M
S4895a63f,"School of Philosophy, Psychology and Language Sciences",F
Sc96eb017,School of Mathematics,F
S87741299,School of Informatics,F
S1ce3ccc2,School of Mathematics,M
Sdcaa3448,School of Informatics,M
S5c0a75a3,School of Economics,F
Sd6dce19b,School of Mathematics,M
S080a6af6,School of Informatics,F
Sc7c995ac,School of Physics and Astronomy,M
Se5bde333,School of Physics and Astronomy,F
Sf09bbfe8,School of Informatics,M
Sa1cff404,School of Informatics,M
Sf88a4aa4,School of Mathematics,F
S72c22907,School of Informatics,F
S299ced86,School of Economics,M
S159545db,School of Informatics,F
Sdbe51ad0,Business School,F
Se59e8459,School of Mathematics,M
Sd96b94ea,School of Economics,M
S3408c12b,School of Mathematics,F
S56e9546b,School of Economics,M
Sc7e7e32c,School of Mathematics,M
Sdfec9523,School of Economics,M
S99456b4d,School of Economics,M
S9722dd8e,School of Mathematics,F
S2910ac49,School of Economics,M
Sac93e025,School of Economics,M
S0165563b,School of Engineering,F
S9aae2aca,School of Mathematics,M
S2d887623,School of Mathematics,M
S16e6940c,School of Economics,M
Seaf8a038,School of Physics and Astronomy,M
S63b0eaf0,School of Physics and Astronomy,F
S448edd1d,School of Geosciences,M
